{
  "chunkNumber": 1,
  "strategies": {
    "3ff81020": {
      "player1Probabilities": [
        0,
        0,
        0,
        0,
        0,
        0,
        0.042532,
        0.089948,
        0.152362,
        0.191704,
        0.239386,
        0.284068
      ],
      "player2Probabilities": [
        0,
        0,
        0,
        0,
        0,
        0,
        0.191494,
        0.18201,
        0.169528,
        0.161659,
        0.152123,
        0.143186
      ],
      "expectedValue": 0.005844,
      "isCalculated": true
    },
    "3ff81410": {
      "player1Probabilities": [
        0,
        0,
        0,
        0,
        0,
        0,
        0.039226,
        0.101416,
        0.150763,
        0.19287,
        0.236604,
        0.279121
      ],
      "player2Probabilities": [
        0,
        0,
        0,
        0,
        0,
        0,
        0.192155,
        0.179717,
        0.169847,
        0.161426,
        0.152679,
        0.144176
      ],
      "expectedValue": 0.03525,
      "isCalculated": true
    },
    "3ff90024": {
      "player1Probabilities": [
        0,
        0,
        0,
        0.004322,
        0.035114,
        0.059619,
        0.090801,
        0.114886,
        0.142105,
        0.161787,
        0.18768,
        0.203685
      ],
      "player2Probabilities": [
        0,
        0,
        0,
        0.12446,
        0.120611,
        0.117548,
        0.11365,
        0.110639,
        0.107237,
        0.104777,
        0.10154,
        0.099539
      ],
      "expectedValue": -0.289876,
      "isCalculated": true
    },
    "3ff90034": {
      "player1Probabilities": [
        0,
        0,
        0,
        0.00114,
        0.030633,
        0.058512,
        0.088708,
        0.114068,
        0.141911,
        0.166007,
        0.189468,
        0.209553
      ],
      "player2Probabilities": [
        0,
        0,
        0,
        0.124858,
        0.121171,
        0.117686,
        0.113912,
        0.110741,
        0.107261,
        0.104249,
        0.101317,
        0.098806
      ],
      "expectedValue": -0.298191,
      "isCalculated": true
    },
    "3ff90834": {
      "player1Probabilities": [
        0,
        0,
        0,
        0,
        0.014163,
        0.047947,
        0.085259,
        0.106646,
        0.147091,
        0.172937,
        0.200403,
        0.225554
      ],
      "player2Probabilities": [
        0,
        0,
        0,
        0,
        0.140834,
        0.136008,
        0.130677,
        0.127622,
        0.121844,
        0.118152,
        0.114228,
        0.110635
      ],
      "expectedValue": -0.28093,
      "isCalculated": true
    },
    "3ff90c24": {
      "player1Probabilities": [
        0,
        0,
        0,
        0,
        0.008169,
        0.042679,
        0.083336,
        0.106858,
        0.146866,
        0.175347,
        0.205323,
        0.231421
      ],
      "player2Probabilities": [
        0,
        0,
        0,
        0,
        0.14169,
        0.13676,
        0.130952,
        0.127592,
        0.121876,
        0.117808,
        0.113525,
        0.109797
      ],
      "expectedValue": -0.260219,
      "isCalculated": true
    },
    "3ff91401": {
      "player1Probabilities": [
        0,
        0,
        0,
        0,
        0.006523,
        0.041166,
        0.078042,
        0.119975,
        0.141767,
        0.175714,
        0.204716,
        0.232097
      ],
      "player2Probabilities": [
        0,
        0,
        0,
        0,
        0.141925,
        0.136976,
        0.131708,
        0.125718,
        0.122605,
        0.117755,
        0.113612,
        0.1097
      ],
      "expectedValue": 0.220717,
      "isCalculated": true
    },
    "3ffa0014": {
      "player1Probabilities": [
        0,
        0,
        0,
        0.009448,
        0.035628,
        0.06302,
        0.090277,
        0.115469,
        0.139754,
        0.161364,
        0.184349,
        0.200692
      ],
      "player2Probabilities": [
        0,
        0,
        0,
        0.123819,
        0.120547,
        0.117123,
        0.113715,
        0.110566,
        0.107531,
        0.10483,
        0.101956,
        0.099914
      ],
      "expectedValue": -0.282773,
      "isCalculated": true
    },
    "3ffa0034": {
      "player1Probabilities": [
        0,
        0,
        0,
        0.008735,
        0.034463,
        0.061369,
        0.088435,
        0.113628,
        0.14046,
        0.163591,
        0.186101,
        0.203218
      ],
      "player2Probabilities": [
        0,
        0,
        0,
        0.123908,
        0.120692,
        0.117329,
        0.113946,
        0.110796,
        0.107443,
        0.104551,
        0.101737,
        0.099598
      ],
      "expectedValue": -0.300652,
      "isCalculated": true
    },
    "3ffa0434": {
      "player1Probabilities": [
        0,
        0,
        0,
        0,
        0.02804,
        0.058368,
        0.087724,
        0.112186,
        0.143646,
        0.167369,
        0.190955,
        0.211712
      ],
      "player2Probabilities": [
        0,
        0,
        0,
        0,
        0.138851,
        0.134519,
        0.130325,
        0.126831,
        0.122336,
        0.118947,
        0.115578,
        0.112613
      ],
      "expectedValue": -0.293253,
      "isCalculated": true
    },
    "3ffa0c14": {
      "player1Probabilities": [
        0,
        0,
        0,
        0,
        0.01264,
        0.047273,
        0.084605,
        0.108515,
        0.14457,
        0.17379,
        0.201578,
        0.227029
      ],
      "player2Probabilities": [
        0,
        0,
        0,
        0,
        0.141051,
        0.136104,
        0.130771,
        0.127355,
        0.122204,
        0.11803,
        0.11406,
        0.110424
      ],
      "expectedValue": -0.254171,
      "isCalculated": true
    },
    "3ffa1001": {
      "player1Probabilities": [
        0,
        0,
        0,
        0,
        0.006883,
        0.040707,
        0.081156,
        0.114504,
        0.143668,
        0.175271,
        0.205575,
        0.232236
      ],
      "player2Probabilities": [
        0,
        0,
        0,
        0,
        0.141874,
        0.137042,
        0.131263,
        0.126499,
        0.122333,
        0.117818,
        0.113489,
        0.109681
      ],
      "expectedValue": 0.201628,
      "isCalculated": true
    },
    "3ffb0005": {
      "player1Probabilities": [
        0,
        0,
        0,
        0.023533,
        0.047143,
        0.066281,
        0.092387,
        0.114224,
        0.133017,
        0.154355,
        0.175715,
        0.193346
      ],
      "player2Probabilities": [
        0,
        0,
        0,
        0.122058,
        0.119107,
        0.116715,
        0.113452,
        0.110722,
        0.108373,
        0.105706,
        0.103036,
        0.100832
      ],
      "expectedValue": -0.019564,
      "isCalculated": true
    },
    "3ffb0038": {
      "player1Probabilities": [
        0,
        0,
        0,
        0,
        0,
        0.025738,
        0.07125,
        0.108603,
        0.147303,
        0.184438,
        0.216079,
        0.246589
      ],
      "player2Probabilities": [
        0,
        0,
        0,
        0,
        0,
        0.162377,
        0.154792,
        0.148566,
        0.142116,
        0.135927,
        0.130653,
        0.125569
      ],
      "expectedValue": -0.620885,
      "isCalculated": true
    },
    "3ffb0c05": {
      "player1Probabilities": [
        0,
        0,
        0,
        0.016355,
        0.039935,
        0.065042,
        0.090513,
        0.113709,
        0.135693,
        0.158499,
        0.179293,
        0.200961
      ],