{
  "chunkNumber": 0,
  "strategies": {
    "fff0000": {
      "player1Probabilities": [
        0,
        0,
        0,
        0,
        0,
        0.162524,
        0.154811,
        0.148295,
        0.142232,
        0.136194,
        0.130729,
        0.125215
      ],
      "player2Probabilities": [
        0,
        0,
        0,
        0,
        0,
        0.024854,
        0.071135,
        0.11023,
        0.146607,
        0.182838,
        0.215625,
        0.248711
      ],
      "expectedValue": 0.031851,
      "isCalculated": true
    }
  },
  "count": 1
}