{
  "chunkNumber": 0,
  "strategies": {
    "17ff3000": {
      "player1Probabilities": [
        0,
        0,
        0,
        0,
        0.003489,
        0.060087,
        0.106436,
        0.149401,
        0.189813,
        0.228384,
        0.262392,
        0
      ],
      "player2Probabilities": [
        0,
        0,
        0,
        0,
        0.166085,
        0.156652,
        0.148927,
        0.141767,
        0.135031,
        0.128603,
        0.122935,
        0
      ],
      "expectedValue": 0.134086,
      "isCalculated": true
    },
    "1bff2c00": {
      "player1Probabilities": [
        0,
        0,
        0,
        0,
        0.001037,
        0.052828,
        0.104266,
        0.146001,
        0.185315,
        0.222498,
        0,
        0.288055
      ],
      "player2Probabilities": [
        0,
        0,
        0,
        0,
        0.166494,
        0.157862,
        0.149289,
        0.142333,
        0.135781,
        0.129584,
        0,
        0.118658
      ],
      "expectedValue": 0.116747,
      "isCalculated": true
    },
    "1dff2800": {
      "player1Probabilities": [
        0,
        0,
        0,
        0,
        0,
        0.046982,
        0.098878,
        0.138512,
        0.179598,
        0,
        0.25221,
        0.283819
      ],
      "player2Probabilities": [
        0,
        0,
        0,
        0,
        0,
        0.190604,
        0.180224,
        0.172298,
        0.16408,
        0,
        0.149558,
        0.143236
      ],
      "expectedValue": 0.100949,
      "isCalculated": true
    },
    "1eff2400": {
      "player1Probabilities": [
        0,
        0,
        0,
        0,
        0,
        0.038572,
        0.092336,
        0.131871,
        0,
        0.21145,
        0.247231,
        0.278541
      ],
      "player2Probabilities": [
        0,
        0,
        0,
        0,
        0,
        0.192286,
        0.181533,
        0.173626,
        0,
        0.15771,
        0.150554,
        0.144292
      ],
      "expectedValue": 0.084905,
      "isCalculated": true
    },
    "1f7f2000": {
      "player1Probabilities": [
        0,
        0,
        0,
        0,
        0,
        0.031845,
        0.086591,
        0,
        0.165405,
        0.203925,
        0.240178,
        0.272057
      ],
      "player2Probabilities": [
        0,
        0,
        0,
        0,
        0,
        0.193631,
        0.182682,
        0,
        0.166919,
        0.159215,
        0.151964,
        0.145589
      ],
      "expectedValue": 0.07011,
      "isCalculated": true
    },
    "1fbf1c00": {
      "player1Probabilities": [
        0,
        0,
        0,
        0,
        0,
        0.019139,
        0,
        0.121807,
        0.160316,
        0.198101,
        0.234601,
        0.266037
      ],
      "player2Probabilities": [
        0,
        0,
        0,
        0,
        0,
        0.196172,
        0,
        0.175639,
        0.167937,
        0.16038,
        0.15308,
        0.146793
      ],
      "expectedValue": 0.055502,
      "isCalculated": true
    },
    "1fdf1800": {
      "player1Probabilities": [
        0,
        0,
        0,
        0,
        0,
        0,
        0.062778,
        0.110458,
        0.149559,
        0.190756,
        0.226491,
        0.259958
      ],
      "player2Probabilities": [
        0,
        0,
        0,
        0,
        0,
        0,
        0.187444,
        0.177908,
        0.170088,
        0.161849,
        0.154702,
        0.148008
      ],
      "expectedValue": 0.039722,
      "isCalculated": true
    },
    "1fef1400": {
      "player1Probabilities": [
        0,
        0,
        0,
        0,
        0,
        0.016672,
        0.064091,
        0.10805,
        0.1465,
        0.186345,
        0.222671,
        0.255671
      ],
      "player2Probabilities": [
        0,
        0,
        0,
        0,
        0,
        0.163888,
        0.155985,
        0.148658,
        0.14225,
        0.135609,
        0.129555,
        0.124055
      ],
      "expectedValue": 0.026616,
      "isCalculated": true
    },
    "1ff71000": {
      "player1Probabilities": [
        0,
        0,
        0,
        0,
        0,
        0.011477,
        0.062863,
        0.106341,
        0.147702,
        0.18761,
        0.224824,
        0.259183
      ],
      "player2Probabilities": [
        0,
        0,
        0,
        0,
        0,
        0.164754,
        0.156189,
        0.148943,
        0.14205,
        0.135398,
        0.129196,
        0.123469
      ],
      "expectedValue": 0.014943,
      "isCalculated": true
    },
    "1ffb0c00": {
      "player1Probabilities": [
        0,
        0,
        0,
        0,
        0,
        0.00996,
        0.06317,
        0.105197,
        0.148737,
        0.187594,
        0.225403,
        0.25994
      ],
      "player2Probabilities": [
        0,
        0,
        0,
        0,
        0,
        0.165007,
        0.156138,
        0.149134,
        0.141877,
        0.135401,
        0.1291,
        0.123343
      ],
      "expectedValue": 0.001939,
      "isCalculated": true
    },
    "1ffd0800": {
      "player1Probabilities": [
        0,
        0,
        0,
        0,
        0,
        0.005818,
        0.060516,
        0.106309,
        0.148416,
        0.188493,
        0.227478,
        0.26297
      ],
      "player2Probabilities": [
        0,
        0,
        0,
        0,
        0,
        0.165697,
        0.156581,
        0.148949,
        0.141931,
        0.135251,
        0.128754,
        0.122838
      ],
      "expectedValue": -0.012111,
      "isCalculated": true
    },
    "1ffe0400": {
      "player1Probabilities": [
        0,
        0,
        0,
        0,
        0,
        0.003384,
        0.059542,
        0.105375,
        0.14753,
        0.190211,
        0.228555,
        0.265404
      ],
      "player2Probabilities": [
        0,
        0,
        0,
        0,
        0,
        0.166103,
        0.156743,
        0.149104,
        0.142078,
        0.134965,
        0.128574,
        0.122433
      ],
      "expectedValue": -0.022445,
      "isCalculated": true
    },
    "1fff0004": {
      "player1Probabilities": [
        0,
        0,
        0,
        0,
        0.008207,
        0.044187,
        0.082097,
        0.113595,
        0.14368,
        0.174402,
        0.202917,
        0.230915
      ],
      "player2Probabilities": [
        0,
        0,
        0,
        0,
        0.141685,
        0.136545,
        0.131129,
        0.126629,
        0.122331,
        0.117943,
        0.113869,
        0.109869
      ],
      "expectedValue": -0.276974,
      "isCalculated": true
    }
  },
  "count": 13
}